{"nodes":{"node:1":{"location":{"x":-1251,"y":-937}}},"selection":["node:1"],"view":{"scroll":{"x":-1878.7630615234375,"y":-1465.949951171875},"zoom":1.11726832389831543}}