{"nodes":null,"selection":null,"view":{"scroll":{"x":-362.5440673828125,"y":-717.76605224609375},"zoom":0.75}}