{"nodes":{"node:1":{"location":{"x":-1006,"y":-934}}},"selection":["node:1"],"view":{"scroll":{"x":-1545.080810546875,"y":-1360.1282958984375},"zoom":1}}