{"nodes":{"node:1":{"location":{"x":169,"y":252}}},"selection":null,"view":{"scroll":{"x":-244.519073486328125,"y":-210.47308349609375},"zoom":0.75}}