{"nodes":{"node:1":{"location":{"x":-1408,"y":-1012}},"node:3":{"location":{"x":-1111,"y":-882}}},"selection":["node:3"],"view":{"scroll":{"x":-1791.76318359375,"y":-1414.949951171875},"zoom":1.11726832389831543}}