{"nodes":{"node:1":{"location":{"x":718,"y":895}},"node:6":{"location":{"x":38,"y":782}}},"selection":["node:6"],"view":{"scroll":{"x":-45.6279144287109375,"y":437.1839599609375},"zoom":1}}