{"nodes":null,"selection":null,"view":{"scroll":{"x":-1791.76318359375,"y":-1414.949951171875},"zoom":1.11726832389831543}}