{"nodes":null,"selection":null,"view":{"scroll":{"x":-1878.7630615234375,"y":-1465.949951171875},"zoom":1.11726832389831543}}