{"nodes":null,"selection":null,"view":{"scroll":{"x":-171.519088745117188,"y":-177.47308349609375},"zoom":0.75}}