{"nodes":{"node:1":{"location":{"x":213,"y":183}},"node:6":{"location":{"x":826,"y":194}}},"selection":["node:6"],"view":{"scroll":{"x":-244.519073486328125,"y":-210.47308349609375},"zoom":0.75}}